"NUTS_ID","date","var","values"
"LT011",2020-02-24,"confirmed",0
"LT011",2020-02-25,"confirmed",0
"LT011",2020-02-26,"confirmed",0
"LT011",2020-02-27,"confirmed",0
"LT011",2020-02-28,"confirmed",0
"LT011",2020-02-29,"confirmed",0
"LT011",2020-03-01,"confirmed",0
"LT011",2020-03-02,"confirmed",0
"LT011",2020-03-03,"confirmed",0
"LT011",2020-03-04,"confirmed",0
"LT011",2020-03-05,"confirmed",0
"LT011",2020-03-06,"confirmed",0
"LT011",2020-03-07,"confirmed",0
"LT011",2020-03-08,"confirmed",0
"LT011",2020-03-09,"confirmed",0
"LT011",2020-03-10,"confirmed",0
"LT011",2020-03-11,"confirmed",0
"LT011",2020-03-12,"confirmed",0
"LT011",2020-03-13,"confirmed",1
"LT011",2020-03-14,"confirmed",1
"LT011",2020-03-15,"confirmed",4
"LT011",2020-03-16,"confirmed",8
"LT011",2020-03-17,"confirmed",13
"LT011",2020-03-18,"confirmed",16
"LT011",2020-03-19,"confirmed",24
"LT011",2020-03-20,"confirmed",35
"LT011",2020-03-21,"confirmed",49
"LT011",2020-03-22,"confirmed",77
"LT011",2020-03-23,"confirmed",99
"LT011",2020-03-24,"confirmed",110
"LT011",2020-03-25,"confirmed",163
"LT011",2020-03-26,"confirmed",216
"LT011",2020-03-27,"confirmed",252
"LT011",2020-03-28,"confirmed",302
"LT011",2020-03-29,"confirmed",349
"LT011",2020-03-30,"confirmed",398
"LT011",2020-03-31,"confirmed",446
"LT011",2020-04-01,"confirmed",514
"LT011",2020-04-02,"confirmed",561
"LT011",2020-04-03,"confirmed",637
"LT011",2020-04-04,"confirmed",676
"LT011",2020-04-05,"confirmed",708
"LT011",2020-04-06,"confirmed",745
"LT011",2020-04-07,"confirmed",777
"LT011",2020-04-08,"confirmed",819
"LT011",2020-04-09,"confirmed",864
"LT011",2020-04-10,"confirmed",891
"LT011",2020-04-11,"confirmed",891
"LT021",2020-02-24,"confirmed",0
"LT021",2020-02-25,"confirmed",0
"LT021",2020-02-26,"confirmed",0
"LT021",2020-02-27,"confirmed",0
"LT021",2020-02-28,"confirmed",0
"LT021",2020-02-29,"confirmed",0
"LT021",2020-03-01,"confirmed",0
"LT021",2020-03-02,"confirmed",0
"LT021",2020-03-03,"confirmed",0
"LT021",2020-03-04,"confirmed",0
"LT021",2020-03-05,"confirmed",0
"LT021",2020-03-06,"confirmed",0
"LT021",2020-03-07,"confirmed",0
"LT021",2020-03-08,"confirmed",0
"LT021",2020-03-09,"confirmed",0
"LT021",2020-03-10,"confirmed",0
"LT021",2020-03-11,"confirmed",0
"LT021",2020-03-12,"confirmed",0
"LT021",2020-03-13,"confirmed",0
"LT021",2020-03-14,"confirmed",0
"LT021",2020-03-15,"confirmed",0
"LT021",2020-03-16,"confirmed",0
"LT021",2020-03-17,"confirmed",0
"LT021",2020-03-18,"confirmed",0
"LT021",2020-03-19,"confirmed",0
"LT021",2020-03-20,"confirmed",0
"LT021",2020-03-21,"confirmed",0
"LT021",2020-03-22,"confirmed",0
"LT021",2020-03-23,"confirmed",1
"LT021",2020-03-24,"confirmed",1
"LT021",2020-03-25,"confirmed",5
"LT021",2020-03-26,"confirmed",6
"LT021",2020-03-27,"confirmed",6
"LT021",2020-03-28,"confirmed",6
"LT021",2020-03-29,"confirmed",6
"LT021",2020-03-30,"confirmed",6
"LT021",2020-03-31,"confirmed",6
"LT021",2020-04-01,"confirmed",6
"LT021",2020-04-02,"confirmed",6
"LT021",2020-04-03,"confirmed",6
"LT021",2020-04-04,"confirmed",6
"LT021",2020-04-05,"confirmed",6
"LT021",2020-04-06,"confirmed",6
"LT021",2020-04-07,"confirmed",6
"LT021",2020-04-08,"confirmed",6
"LT021",2020-04-09,"confirmed",6
"LT021",2020-04-10,"confirmed",6
"LT021",2020-04-11,"confirmed",6
"LT022",2020-02-24,"confirmed",0
"LT022",2020-02-25,"confirmed",0
"LT022",2020-02-26,"confirmed",0
"LT022",2020-02-27,"confirmed",0
"LT022",2020-02-28,"confirmed",0
"LT022",2020-02-29,"confirmed",0
"LT022",2020-03-01,"confirmed",0
"LT022",2020-03-02,"confirmed",0
"LT022",2020-03-03,"confirmed",0
"LT022",2020-03-04,"confirmed",0
"LT022",2020-03-05,"confirmed",0
"LT022",2020-03-06,"confirmed",0
"LT022",2020-03-07,"confirmed",0
"LT022",2020-03-08,"confirmed",0
"LT022",2020-03-09,"confirmed",0
"LT022",2020-03-10,"confirmed",2
"LT022",2020-03-11,"confirmed",2
"LT022",2020-03-12,"confirmed",2
"LT022",2020-03-13,"confirmed",3
"LT022",2020-03-14,"confirmed",3
"LT022",2020-03-15,"confirmed",3
"LT022",2020-03-16,"confirmed",3
"LT022",2020-03-17,"confirmed",4
"LT022",2020-03-18,"confirmed",6
"LT022",2020-03-19,"confirmed",8
"LT022",2020-03-20,"confirmed",12
"LT022",2020-03-21,"confirmed",20
"LT022",2020-03-22,"confirmed",28
"LT022",2020-03-23,"confirmed",31
"LT022",2020-03-24,"confirmed",41
"LT022",2020-03-25,"confirmed",42
"LT022",2020-03-26,"confirmed",43
"LT022",2020-03-27,"confirmed",43
"LT022",2020-03-28,"confirmed",44
"LT022",2020-03-29,"confirmed",44
"LT022",2020-03-30,"confirmed",44
"LT022",2020-03-31,"confirmed",44
"LT022",2020-04-01,"confirmed",44
"LT022",2020-04-02,"confirmed",44
"LT022",2020-04-03,"confirmed",44
"LT022",2020-04-04,"confirmed",44
"LT022",2020-04-05,"confirmed",44
"LT022",2020-04-06,"confirmed",44
"LT022",2020-04-07,"confirmed",44
"LT022",2020-04-08,"confirmed",44
"LT022",2020-04-09,"confirmed",44
"LT022",2020-04-10,"confirmed",44
"LT022",2020-04-11,"confirmed",44
"LT023",2020-02-24,"confirmed",0
"LT023",2020-02-25,"confirmed",0
"LT023",2020-02-26,"confirmed",0
"LT023",2020-02-27,"confirmed",0
"LT023",2020-02-28,"confirmed",0
"LT023",2020-02-29,"confirmed",0
"LT023",2020-03-01,"confirmed",0
"LT023",2020-03-02,"confirmed",0
"LT023",2020-03-03,"confirmed",0
"LT023",2020-03-04,"confirmed",0
"LT023",2020-03-05,"confirmed",0
"LT023",2020-03-06,"confirmed",0
"LT023",2020-03-07,"confirmed",0
"LT023",2020-03-08,"confirmed",0
"LT023",2020-03-09,"confirmed",0
"LT023",2020-03-10,"confirmed",0
"LT023",2020-03-11,"confirmed",0
"LT023",2020-03-12,"confirmed",0
"LT023",2020-03-13,"confirmed",1
"LT023",2020-03-14,"confirmed",2
"LT023",2020-03-15,"confirmed",2
"LT023",2020-03-16,"confirmed",2
"LT023",2020-03-17,"confirmed",4
"LT023",2020-03-18,"confirmed",6
"LT023",2020-03-19,"confirmed",10
"LT023",2020-03-20,"confirmed",14
"LT023",2020-03-21,"confirmed",21
"LT023",2020-03-22,"confirmed",24
"LT023",2020-03-23,"confirmed",30
"LT023",2020-03-24,"confirmed",34
"LT023",2020-03-25,"confirmed",41
"LT023",2020-03-26,"confirmed",56
"LT023",2020-03-27,"confirmed",57
"LT023",2020-03-28,"confirmed",57
"LT023",2020-03-29,"confirmed",57
"LT023",2020-03-30,"confirmed",57
"LT023",2020-03-31,"confirmed",57
"LT023",2020-04-01,"confirmed",57
"LT023",2020-04-02,"confirmed",57
"LT023",2020-04-03,"confirmed",57
"LT023",2020-04-04,"confirmed",57
"LT023",2020-04-05,"confirmed",57
"LT023",2020-04-06,"confirmed",57
"LT023",2020-04-07,"confirmed",57
"LT023",2020-04-08,"confirmed",57
"LT023",2020-04-09,"confirmed",57
"LT023",2020-04-10,"confirmed",57
"LT023",2020-04-11,"confirmed",57
"LT024",2020-02-24,"confirmed",0
"LT024",2020-02-25,"confirmed",0
"LT024",2020-02-26,"confirmed",0
"LT024",2020-02-27,"confirmed",0
"LT024",2020-02-28,"confirmed",0
"LT024",2020-02-29,"confirmed",0
"LT024",2020-03-01,"confirmed",0
"LT024",2020-03-02,"confirmed",0
"LT024",2020-03-03,"confirmed",0
"LT024",2020-03-04,"confirmed",0
"LT024",2020-03-05,"confirmed",0
"LT024",2020-03-06,"confirmed",0
"LT024",2020-03-07,"confirmed",0
"LT024",2020-03-08,"confirmed",0
"LT024",2020-03-09,"confirmed",0
"LT024",2020-03-10,"confirmed",0
"LT024",2020-03-11,"confirmed",0
"LT024",2020-03-12,"confirmed",0
"LT024",2020-03-13,"confirmed",0
"LT024",2020-03-14,"confirmed",0
"LT024",2020-03-15,"confirmed",0
"LT024",2020-03-16,"confirmed",0
"LT024",2020-03-17,"confirmed",0
"LT024",2020-03-18,"confirmed",0
"LT024",2020-03-19,"confirmed",0
"LT024",2020-03-20,"confirmed",0
"LT024",2020-03-21,"confirmed",0
"LT024",2020-03-22,"confirmed",1
"LT024",2020-03-23,"confirmed",1
"LT024",2020-03-24,"confirmed",1
"LT024",2020-03-25,"confirmed",1
"LT024",2020-03-26,"confirmed",1
"LT024",2020-03-27,"confirmed",1
"LT024",2020-03-28,"confirmed",1
"LT024",2020-03-29,"confirmed",1
"LT024",2020-03-30,"confirmed",1
"LT024",2020-03-31,"confirmed",1
"LT024",2020-04-01,"confirmed",1
"LT024",2020-04-02,"confirmed",1
"LT024",2020-04-03,"confirmed",1
"LT024",2020-04-04,"confirmed",1
"LT024",2020-04-05,"confirmed",1
"LT024",2020-04-06,"confirmed",1
"LT024",2020-04-07,"confirmed",1
"LT024",2020-04-08,"confirmed",1
"LT024",2020-04-09,"confirmed",1
"LT024",2020-04-10,"confirmed",1
"LT024",2020-04-11,"confirmed",1
"LT025",2020-02-24,"confirmed",0
"LT025",2020-02-25,"confirmed",0
"LT025",2020-02-26,"confirmed",0
"LT025",2020-02-27,"confirmed",0
"LT025",2020-02-28,"confirmed",0
"LT025",2020-02-29,"confirmed",0
"LT025",2020-03-01,"confirmed",0
"LT025",2020-03-02,"confirmed",0
"LT025",2020-03-03,"confirmed",0
"LT025",2020-03-04,"confirmed",0
"LT025",2020-03-05,"confirmed",0
"LT025",2020-03-06,"confirmed",0
"LT025",2020-03-07,"confirmed",0
"LT025",2020-03-08,"confirmed",0
"LT025",2020-03-09,"confirmed",0
"LT025",2020-03-10,"confirmed",0
"LT025",2020-03-11,"confirmed",0
"LT025",2020-03-12,"confirmed",0
"LT025",2020-03-13,"confirmed",0
"LT025",2020-03-14,"confirmed",0
"LT025",2020-03-15,"confirmed",1
"LT025",2020-03-16,"confirmed",2
"LT025",2020-03-17,"confirmed",2
"LT025",2020-03-18,"confirmed",2
"LT025",2020-03-19,"confirmed",2
"LT025",2020-03-20,"confirmed",2
"LT025",2020-03-21,"confirmed",2
"LT025",2020-03-22,"confirmed",3
"LT025",2020-03-23,"confirmed",5
"LT025",2020-03-24,"confirmed",5
"LT025",2020-03-25,"confirmed",5
"LT025",2020-03-26,"confirmed",5
"LT025",2020-03-27,"confirmed",5
"LT025",2020-03-28,"confirmed",6
"LT025",2020-03-29,"confirmed",6
"LT025",2020-03-30,"confirmed",6
"LT025",2020-03-31,"confirmed",6
"LT025",2020-04-01,"confirmed",6
"LT025",2020-04-02,"confirmed",6
"LT025",2020-04-03,"confirmed",6
"LT025",2020-04-04,"confirmed",6
"LT025",2020-04-05,"confirmed",6
"LT025",2020-04-06,"confirmed",6
"LT025",2020-04-07,"confirmed",6
"LT025",2020-04-08,"confirmed",6
"LT025",2020-04-09,"confirmed",6
"LT025",2020-04-10,"confirmed",6
"LT025",2020-04-11,"confirmed",6
"LT026",2020-02-24,"confirmed",0
"LT026",2020-02-25,"confirmed",0
"LT026",2020-02-26,"confirmed",0
"LT026",2020-02-27,"confirmed",0
"LT026",2020-02-28,"confirmed",1
"LT026",2020-02-29,"confirmed",1
"LT026",2020-03-01,"confirmed",1
"LT026",2020-03-02,"confirmed",1
"LT026",2020-03-03,"confirmed",1
"LT026",2020-03-04,"confirmed",1
"LT026",2020-03-05,"confirmed",1
"LT026",2020-03-06,"confirmed",1
"LT026",2020-03-07,"confirmed",1
"LT026",2020-03-08,"confirmed",1
"LT026",2020-03-09,"confirmed",1
"LT026",2020-03-10,"confirmed",1
"LT026",2020-03-11,"confirmed",1
"LT026",2020-03-12,"confirmed",1
"LT026",2020-03-13,"confirmed",1
"LT026",2020-03-14,"confirmed",1
"LT026",2020-03-15,"confirmed",1
"LT026",2020-03-16,"confirmed",1
"LT026",2020-03-17,"confirmed",1
"LT026",2020-03-18,"confirmed",2
"LT026",2020-03-19,"confirmed",2
"LT026",2020-03-20,"confirmed",2
"LT026",2020-03-21,"confirmed",3
"LT026",2020-03-22,"confirmed",4
"LT026",2020-03-23,"confirmed",6
"LT026",2020-03-24,"confirmed",11
"LT026",2020-03-25,"confirmed",11
"LT026",2020-03-26,"confirmed",11
"LT026",2020-03-27,"confirmed",11
"LT026",2020-03-28,"confirmed",11
"LT026",2020-03-29,"confirmed",11
"LT026",2020-03-30,"confirmed",11
"LT026",2020-03-31,"confirmed",11
"LT026",2020-04-01,"confirmed",11
"LT026",2020-04-02,"confirmed",11
"LT026",2020-04-03,"confirmed",11
"LT026",2020-04-04,"confirmed",11
"LT026",2020-04-05,"confirmed",11
"LT026",2020-04-06,"confirmed",11
"LT026",2020-04-07,"confirmed",11
"LT026",2020-04-08,"confirmed",11
"LT026",2020-04-09,"confirmed",11
"LT026",2020-04-10,"confirmed",11
"LT026",2020-04-11,"confirmed",11
"LT027",2020-02-24,"confirmed",0
"LT027",2020-02-25,"confirmed",0
"LT027",2020-02-26,"confirmed",0
"LT027",2020-02-27,"confirmed",0
"LT027",2020-02-28,"confirmed",0
"LT027",2020-02-29,"confirmed",0
"LT027",2020-03-01,"confirmed",0
"LT027",2020-03-02,"confirmed",0
"LT027",2020-03-03,"confirmed",0
"LT027",2020-03-04,"confirmed",0
"LT027",2020-03-05,"confirmed",0
"LT027",2020-03-06,"confirmed",0
"LT027",2020-03-07,"confirmed",0
"LT027",2020-03-08,"confirmed",0
"LT027",2020-03-09,"confirmed",0
"LT027",2020-03-10,"confirmed",0
"LT027",2020-03-11,"confirmed",0
"LT027",2020-03-12,"confirmed",0
"LT027",2020-03-13,"confirmed",0
"LT027",2020-03-14,"confirmed",0
"LT027",2020-03-15,"confirmed",0
"LT027",2020-03-16,"confirmed",0
"LT027",2020-03-17,"confirmed",0
"LT027",2020-03-18,"confirmed",0
"LT027",2020-03-19,"confirmed",0
"LT027",2020-03-20,"confirmed",0
"LT027",2020-03-21,"confirmed",0
"LT027",2020-03-22,"confirmed",2
"LT027",2020-03-23,"confirmed",2
"LT027",2020-03-24,"confirmed",2
"LT027",2020-03-25,"confirmed",2
"LT027",2020-03-26,"confirmed",3
"LT027",2020-03-27,"confirmed",3
"LT027",2020-03-28,"confirmed",3
"LT027",2020-03-29,"confirmed",3
"LT027",2020-03-30,"confirmed",3
"LT027",2020-03-31,"confirmed",3
"LT027",2020-04-01,"confirmed",3
"LT027",2020-04-02,"confirmed",3
"LT027",2020-04-03,"confirmed",3
"LT027",2020-04-04,"confirmed",3
"LT027",2020-04-05,"confirmed",3
"LT027",2020-04-06,"confirmed",3
"LT027",2020-04-07,"confirmed",3
"LT027",2020-04-08,"confirmed",3
"LT027",2020-04-09,"confirmed",3
"LT027",2020-04-10,"confirmed",3
"LT027",2020-04-11,"confirmed",3
"LT028",2020-02-24,"confirmed",0
"LT028",2020-02-25,"confirmed",0
"LT028",2020-02-26,"confirmed",0
"LT028",2020-02-27,"confirmed",0
"LT028",2020-02-28,"confirmed",0
"LT028",2020-02-29,"confirmed",0
"LT028",2020-03-01,"confirmed",0
"LT028",2020-03-02,"confirmed",0
"LT028",2020-03-03,"confirmed",0
"LT028",2020-03-04,"confirmed",0
"LT028",2020-03-05,"confirmed",0
"LT028",2020-03-06,"confirmed",0
"LT028",2020-03-07,"confirmed",0
"LT028",2020-03-08,"confirmed",0
"LT028",2020-03-09,"confirmed",0
"LT028",2020-03-10,"confirmed",0
"LT028",2020-03-11,"confirmed",0
"LT028",2020-03-12,"confirmed",0
"LT028",2020-03-13,"confirmed",0
"LT028",2020-03-14,"confirmed",0
"LT028",2020-03-15,"confirmed",1
"LT028",2020-03-16,"confirmed",2
"LT028",2020-03-17,"confirmed",2
"LT028",2020-03-18,"confirmed",2
"LT028",2020-03-19,"confirmed",2
"LT028",2020-03-20,"confirmed",2
"LT028",2020-03-21,"confirmed",2
"LT028",2020-03-22,"confirmed",2
"LT028",2020-03-23,"confirmed",2
"LT028",2020-03-24,"confirmed",2
"LT028",2020-03-25,"confirmed",2
"LT028",2020-03-26,"confirmed",2
"LT028",2020-03-27,"confirmed",2
"LT028",2020-03-28,"confirmed",5
"LT028",2020-03-29,"confirmed",5
"LT028",2020-03-30,"confirmed",5
"LT028",2020-03-31,"confirmed",5
"LT028",2020-04-01,"confirmed",5
"LT028",2020-04-02,"confirmed",5
"LT028",2020-04-03,"confirmed",5
"LT028",2020-04-04,"confirmed",5
"LT028",2020-04-05,"confirmed",5
"LT028",2020-04-06,"confirmed",5
"LT028",2020-04-07,"confirmed",5
"LT028",2020-04-08,"confirmed",5
"LT028",2020-04-09,"confirmed",5
"LT028",2020-04-10,"confirmed",5
"LT028",2020-04-11,"confirmed",5
"LT029",2020-02-24,"confirmed",0
"LT029",2020-02-25,"confirmed",0
"LT029",2020-02-26,"confirmed",0
"LT029",2020-02-27,"confirmed",0
"LT029",2020-02-28,"confirmed",0
"LT029",2020-02-29,"confirmed",0
"LT029",2020-03-01,"confirmed",0
"LT029",2020-03-02,"confirmed",0
"LT029",2020-03-03,"confirmed",0
"LT029",2020-03-04,"confirmed",0
"LT029",2020-03-05,"confirmed",0
"LT029",2020-03-06,"confirmed",0
"LT029",2020-03-07,"confirmed",0
"LT029",2020-03-08,"confirmed",0
"LT029",2020-03-09,"confirmed",0
"LT029",2020-03-10,"confirmed",0
"LT029",2020-03-11,"confirmed",0
"LT029",2020-03-12,"confirmed",0
"LT029",2020-03-13,"confirmed",0
"LT029",2020-03-14,"confirmed",0
"LT029",2020-03-15,"confirmed",0
"LT029",2020-03-16,"confirmed",0
"LT029",2020-03-17,"confirmed",0
"LT029",2020-03-18,"confirmed",0
"LT029",2020-03-19,"confirmed",0
"LT029",2020-03-20,"confirmed",2
"LT029",2020-03-21,"confirmed",2
"LT029",2020-03-22,"confirmed",2
"LT029",2020-03-23,"confirmed",2
"LT029",2020-03-24,"confirmed",2
"LT029",2020-03-25,"confirmed",2
"LT029",2020-03-26,"confirmed",2
"LT029",2020-03-27,"confirmed",2
"LT029",2020-03-28,"confirmed",2
"LT029",2020-03-29,"confirmed",2
"LT029",2020-03-30,"confirmed",2
"LT029",2020-03-31,"confirmed",2
"LT029",2020-04-01,"confirmed",2
"LT029",2020-04-02,"confirmed",2
"LT029",2020-04-03,"confirmed",2
"LT029",2020-04-04,"confirmed",2
"LT029",2020-04-05,"confirmed",2
"LT029",2020-04-06,"confirmed",2
"LT029",2020-04-07,"confirmed",2
"LT029",2020-04-08,"confirmed",2
"LT029",2020-04-09,"confirmed",2
"LT029",2020-04-10,"confirmed",2
"LT029",2020-04-11,"confirmed",2
"LT011",2020-02-24,"deaths",0
"LT011",2020-02-25,"deaths",0
"LT011",2020-02-26,"deaths",0
"LT011",2020-02-27,"deaths",0
"LT011",2020-02-28,"deaths",0
"LT011",2020-02-29,"deaths",0
"LT011",2020-03-01,"deaths",0
"LT011",2020-03-02,"deaths",0
"LT011",2020-03-03,"deaths",0
"LT011",2020-03-04,"deaths",0
"LT011",2020-03-05,"deaths",0
"LT011",2020-03-06,"deaths",0
"LT011",2020-03-07,"deaths",0
"LT011",2020-03-08,"deaths",0
"LT011",2020-03-09,"deaths",0
"LT011",2020-03-10,"deaths",0
"LT011",2020-03-11,"deaths",0
"LT011",2020-03-12,"deaths",0
"LT011",2020-03-13,"deaths",0
"LT011",2020-03-14,"deaths",0
"LT011",2020-03-15,"deaths",0
"LT011",2020-03-16,"deaths",0
"LT011",2020-03-17,"deaths",0
"LT011",2020-03-18,"deaths",0
"LT011",2020-03-19,"deaths",0
"LT011",2020-03-20,"deaths",1
"LT011",2020-03-21,"deaths",1
"LT011",2020-03-22,"deaths",1
"LT011",2020-03-23,"deaths",1
"LT011",2020-03-24,"deaths",2
"LT011",2020-03-25,"deaths",3
"LT011",2020-03-26,"deaths",3
"LT011",2020-03-27,"deaths",3
"LT011",2020-03-28,"deaths",4
"LT011",2020-03-29,"deaths",4
"LT011",2020-03-30,"deaths",4
"LT011",2020-03-31,"deaths",5
"LT011",2020-04-01,"deaths",6
"LT011",2020-04-02,"deaths",6
"LT011",2020-04-03,"deaths",7
"LT011",2020-04-04,"deaths",8
"LT011",2020-04-05,"deaths",10
"LT011",2020-04-06,"deaths",10
"LT011",2020-04-07,"deaths",10
"LT011",2020-04-08,"deaths",10
"LT011",2020-04-09,"deaths",11
"LT011",2020-04-10,"deaths",17
"LT011",2020-04-11,"deaths",17
"LT021",2020-02-24,"deaths",0
"LT021",2020-02-25,"deaths",0
"LT021",2020-02-26,"deaths",0
"LT021",2020-02-27,"deaths",0
"LT021",2020-02-28,"deaths",0
"LT021",2020-02-29,"deaths",0
"LT021",2020-03-01,"deaths",0
"LT021",2020-03-02,"deaths",0
"LT021",2020-03-03,"deaths",0
"LT021",2020-03-04,"deaths",0
"LT021",2020-03-05,"deaths",0
"LT021",2020-03-06,"deaths",0
"LT021",2020-03-07,"deaths",0
"LT021",2020-03-08,"deaths",0
"LT021",2020-03-09,"deaths",0
"LT021",2020-03-10,"deaths",0
"LT021",2020-03-11,"deaths",0
"LT021",2020-03-12,"deaths",0
"LT021",2020-03-13,"deaths",0
"LT021",2020-03-14,"deaths",0
"LT021",2020-03-15,"deaths",0
"LT021",2020-03-16,"deaths",0
"LT021",2020-03-17,"deaths",0
"LT021",2020-03-18,"deaths",0
"LT021",2020-03-19,"deaths",0
"LT021",2020-03-20,"deaths",0
"LT021",2020-03-21,"deaths",0
"LT021",2020-03-22,"deaths",0
"LT021",2020-03-23,"deaths",0
"LT021",2020-03-24,"deaths",0
"LT021",2020-03-25,"deaths",0
"LT021",2020-03-26,"deaths",0
"LT021",2020-03-27,"deaths",0
"LT021",2020-03-28,"deaths",0
"LT021",2020-03-29,"deaths",0
"LT021",2020-03-30,"deaths",0
"LT021",2020-03-31,"deaths",0
"LT021",2020-04-01,"deaths",0
"LT021",2020-04-02,"deaths",0
"LT021",2020-04-03,"deaths",0
"LT021",2020-04-04,"deaths",0
"LT021",2020-04-05,"deaths",0
"LT021",2020-04-06,"deaths",0
"LT021",2020-04-07,"deaths",0
"LT021",2020-04-08,"deaths",0
"LT021",2020-04-09,"deaths",0
"LT021",2020-04-10,"deaths",0
"LT021",2020-04-11,"deaths",0
"LT022",2020-02-24,"deaths",0
"LT022",2020-02-25,"deaths",0
"LT022",2020-02-26,"deaths",0
"LT022",2020-02-27,"deaths",0
"LT022",2020-02-28,"deaths",0
"LT022",2020-02-29,"deaths",0
"LT022",2020-03-01,"deaths",0
"LT022",2020-03-02,"deaths",0
"LT022",2020-03-03,"deaths",0
"LT022",2020-03-04,"deaths",0
"LT022",2020-03-05,"deaths",0
"LT022",2020-03-06,"deaths",0
"LT022",2020-03-07,"deaths",0
"LT022",2020-03-08,"deaths",0
"LT022",2020-03-09,"deaths",0
"LT022",2020-03-10,"deaths",0
"LT022",2020-03-11,"deaths",0
"LT022",2020-03-12,"deaths",0
"LT022",2020-03-13,"deaths",0
"LT022",2020-03-14,"deaths",0
"LT022",2020-03-15,"deaths",0
"LT022",2020-03-16,"deaths",0
"LT022",2020-03-17,"deaths",0
"LT022",2020-03-18,"deaths",0
"LT022",2020-03-19,"deaths",0
"LT022",2020-03-20,"deaths",0
"LT022",2020-03-21,"deaths",0
"LT022",2020-03-22,"deaths",0
"LT022",2020-03-23,"deaths",0
"LT022",2020-03-24,"deaths",0
"LT022",2020-03-25,"deaths",0
"LT022",2020-03-26,"deaths",0
"LT022",2020-03-27,"deaths",0
"LT022",2020-03-28,"deaths",0
"LT022",2020-03-29,"deaths",0
"LT022",2020-03-30,"deaths",0
"LT022",2020-03-31,"deaths",0
"LT022",2020-04-01,"deaths",0
"LT022",2020-04-02,"deaths",0
"LT022",2020-04-03,"deaths",0
"LT022",2020-04-04,"deaths",0
"LT022",2020-04-05,"deaths",0
"LT022",2020-04-06,"deaths",0
"LT022",2020-04-07,"deaths",0
"LT022",2020-04-08,"deaths",0
"LT022",2020-04-09,"deaths",0
"LT022",2020-04-10,"deaths",0
"LT022",2020-04-11,"deaths",0
"LT023",2020-02-24,"deaths",0
"LT023",2020-02-25,"deaths",0
"LT023",2020-02-26,"deaths",0
"LT023",2020-02-27,"deaths",0
"LT023",2020-02-28,"deaths",0
"LT023",2020-02-29,"deaths",0
"LT023",2020-03-01,"deaths",0
"LT023",2020-03-02,"deaths",0
"LT023",2020-03-03,"deaths",0
"LT023",2020-03-04,"deaths",0
"LT023",2020-03-05,"deaths",0
"LT023",2020-03-06,"deaths",0
"LT023",2020-03-07,"deaths",0
"LT023",2020-03-08,"deaths",0
"LT023",2020-03-09,"deaths",0
"LT023",2020-03-10,"deaths",0
"LT023",2020-03-11,"deaths",0
"LT023",2020-03-12,"deaths",0
"LT023",2020-03-13,"deaths",0
"LT023",2020-03-14,"deaths",0
"LT023",2020-03-15,"deaths",0
"LT023",2020-03-16,"deaths",0
"LT023",2020-03-17,"deaths",0
"LT023",2020-03-18,"deaths",0
"LT023",2020-03-19,"deaths",0
"LT023",2020-03-20,"deaths",0
"LT023",2020-03-21,"deaths",0
"LT023",2020-03-22,"deaths",0
"LT023",2020-03-23,"deaths",0
"LT023",2020-03-24,"deaths",0
"LT023",2020-03-25,"deaths",0
"LT023",2020-03-26,"deaths",0
"LT023",2020-03-27,"deaths",1
"LT023",2020-03-28,"deaths",2
"LT023",2020-03-29,"deaths",2
"LT023",2020-03-30,"deaths",2
"LT023",2020-03-31,"deaths",2
"LT023",2020-04-01,"deaths",2
"LT023",2020-04-02,"deaths",2
"LT023",2020-04-03,"deaths",2
"LT023",2020-04-04,"deaths",3
"LT023",2020-04-05,"deaths",3
"LT023",2020-04-06,"deaths",3
"LT023",2020-04-07,"deaths",3
"LT023",2020-04-08,"deaths",3
"LT023",2020-04-09,"deaths",3
"LT023",2020-04-10,"deaths",3
"LT023",2020-04-11,"deaths",3
"LT024",2020-02-24,"deaths",0
"LT024",2020-02-25,"deaths",0
"LT024",2020-02-26,"deaths",0
"LT024",2020-02-27,"deaths",0
"LT024",2020-02-28,"deaths",0
"LT024",2020-02-29,"deaths",0
"LT024",2020-03-01,"deaths",0
"LT024",2020-03-02,"deaths",0
"LT024",2020-03-03,"deaths",0
"LT024",2020-03-04,"deaths",0
"LT024",2020-03-05,"deaths",0
"LT024",2020-03-06,"deaths",0
"LT024",2020-03-07,"deaths",0
"LT024",2020-03-08,"deaths",0
"LT024",2020-03-09,"deaths",0
"LT024",2020-03-10,"deaths",0
"LT024",2020-03-11,"deaths",0
"LT024",2020-03-12,"deaths",0
"LT024",2020-03-13,"deaths",0
"LT024",2020-03-14,"deaths",0
"LT024",2020-03-15,"deaths",0
"LT024",2020-03-16,"deaths",0
"LT024",2020-03-17,"deaths",0
"LT024",2020-03-18,"deaths",0
"LT024",2020-03-19,"deaths",0
"LT024",2020-03-20,"deaths",0
"LT024",2020-03-21,"deaths",0
"LT024",2020-03-22,"deaths",0
"LT024",2020-03-23,"deaths",0
"LT024",2020-03-24,"deaths",0
"LT024",2020-03-25,"deaths",0
"LT024",2020-03-26,"deaths",0
"LT024",2020-03-27,"deaths",0
"LT024",2020-03-28,"deaths",0
"LT024",2020-03-29,"deaths",0
"LT024",2020-03-30,"deaths",0
"LT024",2020-03-31,"deaths",0
"LT024",2020-04-01,"deaths",0
"LT024",2020-04-02,"deaths",0
"LT024",2020-04-03,"deaths",0
"LT024",2020-04-04,"deaths",0
"LT024",2020-04-05,"deaths",0
"LT024",2020-04-06,"deaths",0
"LT024",2020-04-07,"deaths",0
"LT024",2020-04-08,"deaths",0
"LT024",2020-04-09,"deaths",0
"LT024",2020-04-10,"deaths",0
"LT024",2020-04-11,"deaths",0
"LT025",2020-02-24,"deaths",0
"LT025",2020-02-25,"deaths",0
"LT025",2020-02-26,"deaths",0
"LT025",2020-02-27,"deaths",0
"LT025",2020-02-28,"deaths",0
"LT025",2020-02-29,"deaths",0
"LT025",2020-03-01,"deaths",0
"LT025",2020-03-02,"deaths",0
"LT025",2020-03-03,"deaths",0
"LT025",2020-03-04,"deaths",0
"LT025",2020-03-05,"deaths",0
"LT025",2020-03-06,"deaths",0
"LT025",2020-03-07,"deaths",0
"LT025",2020-03-08,"deaths",0
"LT025",2020-03-09,"deaths",0
"LT025",2020-03-10,"deaths",0
"LT025",2020-03-11,"deaths",0
"LT025",2020-03-12,"deaths",0
"LT025",2020-03-13,"deaths",0
"LT025",2020-03-14,"deaths",0
"LT025",2020-03-15,"deaths",0
"LT025",2020-03-16,"deaths",0
"LT025",2020-03-17,"deaths",0
"LT025",2020-03-18,"deaths",0
"LT025",2020-03-19,"deaths",0
"LT025",2020-03-20,"deaths",0
"LT025",2020-03-21,"deaths",0
"LT025",2020-03-22,"deaths",0
"LT025",2020-03-23,"deaths",0
"LT025",2020-03-24,"deaths",0
"LT025",2020-03-25,"deaths",1
"LT025",2020-03-26,"deaths",1
"LT025",2020-03-27,"deaths",1
"LT025",2020-03-28,"deaths",1
"LT025",2020-03-29,"deaths",1
"LT025",2020-03-30,"deaths",1
"LT025",2020-03-31,"deaths",1
"LT025",2020-04-01,"deaths",1
"LT025",2020-04-02,"deaths",1
"LT025",2020-04-03,"deaths",1
"LT025",2020-04-04,"deaths",1
"LT025",2020-04-05,"deaths",1
"LT025",2020-04-06,"deaths",1
"LT025",2020-04-07,"deaths",1
"LT025",2020-04-08,"deaths",1
"LT025",2020-04-09,"deaths",1
"LT025",2020-04-10,"deaths",1
"LT025",2020-04-11,"deaths",1
"LT026",2020-02-24,"deaths",0
"LT026",2020-02-25,"deaths",0
"LT026",2020-02-26,"deaths",0
"LT026",2020-02-27,"deaths",0
"LT026",2020-02-28,"deaths",0
"LT026",2020-02-29,"deaths",0
"LT026",2020-03-01,"deaths",0
"LT026",2020-03-02,"deaths",0
"LT026",2020-03-03,"deaths",0
"LT026",2020-03-04,"deaths",0
"LT026",2020-03-05,"deaths",0
"LT026",2020-03-06,"deaths",0
"LT026",2020-03-07,"deaths",0
"LT026",2020-03-08,"deaths",0
"LT026",2020-03-09,"deaths",0
"LT026",2020-03-10,"deaths",0
"LT026",2020-03-11,"deaths",0
"LT026",2020-03-12,"deaths",0
"LT026",2020-03-13,"deaths",0
"LT026",2020-03-14,"deaths",0
"LT026",2020-03-15,"deaths",0
"LT026",2020-03-16,"deaths",0
"LT026",2020-03-17,"deaths",0
"LT026",2020-03-18,"deaths",0
"LT026",2020-03-19,"deaths",0
"LT026",2020-03-20,"deaths",0
"LT026",2020-03-21,"deaths",0
"LT026",2020-03-22,"deaths",0
"LT026",2020-03-23,"deaths",0
"LT026",2020-03-24,"deaths",0
"LT026",2020-03-25,"deaths",0
"LT026",2020-03-26,"deaths",0
"LT026",2020-03-27,"deaths",0
"LT026",2020-03-28,"deaths",0
"LT026",2020-03-29,"deaths",0
"LT026",2020-03-30,"deaths",0
"LT026",2020-03-31,"deaths",0
"LT026",2020-04-01,"deaths",0
"LT026",2020-04-02,"deaths",0
"LT026",2020-04-03,"deaths",0
"LT026",2020-04-04,"deaths",1
"LT026",2020-04-05,"deaths",1
"LT026",2020-04-06,"deaths",1
"LT026",2020-04-07,"deaths",1
"LT026",2020-04-08,"deaths",1
"LT026",2020-04-09,"deaths",1
"LT026",2020-04-10,"deaths",1
"LT026",2020-04-11,"deaths",1
"LT027",2020-02-24,"deaths",0
"LT027",2020-02-25,"deaths",0
"LT027",2020-02-26,"deaths",0
"LT027",2020-02-27,"deaths",0
"LT027",2020-02-28,"deaths",0
"LT027",2020-02-29,"deaths",0
"LT027",2020-03-01,"deaths",0
"LT027",2020-03-02,"deaths",0
"LT027",2020-03-03,"deaths",0
"LT027",2020-03-04,"deaths",0
"LT027",2020-03-05,"deaths",0
"LT027",2020-03-06,"deaths",0
"LT027",2020-03-07,"deaths",0
"LT027",2020-03-08,"deaths",0
"LT027",2020-03-09,"deaths",0
"LT027",2020-03-10,"deaths",0
"LT027",2020-03-11,"deaths",0
"LT027",2020-03-12,"deaths",0
"LT027",2020-03-13,"deaths",0
"LT027",2020-03-14,"deaths",0
"LT027",2020-03-15,"deaths",0
"LT027",2020-03-16,"deaths",0
"LT027",2020-03-17,"deaths",0
"LT027",2020-03-18,"deaths",0
"LT027",2020-03-19,"deaths",0
"LT027",2020-03-20,"deaths",0
"LT027",2020-03-21,"deaths",0
"LT027",2020-03-22,"deaths",0
"LT027",2020-03-23,"deaths",0
"LT027",2020-03-24,"deaths",0
"LT027",2020-03-25,"deaths",0
"LT027",2020-03-26,"deaths",0
"LT027",2020-03-27,"deaths",0
"LT027",2020-03-28,"deaths",0
"LT027",2020-03-29,"deaths",0
"LT027",2020-03-30,"deaths",0
"LT027",2020-03-31,"deaths",0
"LT027",2020-04-01,"deaths",0
"LT027",2020-04-02,"deaths",0
"LT027",2020-04-03,"deaths",0
"LT027",2020-04-04,"deaths",0
"LT027",2020-04-05,"deaths",0
"LT027",2020-04-06,"deaths",0
"LT027",2020-04-07,"deaths",0
"LT027",2020-04-08,"deaths",0
"LT027",2020-04-09,"deaths",0
"LT027",2020-04-10,"deaths",0
"LT027",2020-04-11,"deaths",0
"LT028",2020-02-24,"deaths",0
"LT028",2020-02-25,"deaths",0
"LT028",2020-02-26,"deaths",0
"LT028",2020-02-27,"deaths",0
"LT028",2020-02-28,"deaths",0
"LT028",2020-02-29,"deaths",0
"LT028",2020-03-01,"deaths",0
"LT028",2020-03-02,"deaths",0
"LT028",2020-03-03,"deaths",0
"LT028",2020-03-04,"deaths",0
"LT028",2020-03-05,"deaths",0
"LT028",2020-03-06,"deaths",0
"LT028",2020-03-07,"deaths",0
"LT028",2020-03-08,"deaths",0
"LT028",2020-03-09,"deaths",0
"LT028",2020-03-10,"deaths",0
"LT028",2020-03-11,"deaths",0
"LT028",2020-03-12,"deaths",0
"LT028",2020-03-13,"deaths",0
"LT028",2020-03-14,"deaths",0
"LT028",2020-03-15,"deaths",0
"LT028",2020-03-16,"deaths",0
"LT028",2020-03-17,"deaths",0
"LT028",2020-03-18,"deaths",0
"LT028",2020-03-19,"deaths",0
"LT028",2020-03-20,"deaths",0
"LT028",2020-03-21,"deaths",0
"LT028",2020-03-22,"deaths",0
"LT028",2020-03-23,"deaths",0
"LT028",2020-03-24,"deaths",0
"LT028",2020-03-25,"deaths",0
"LT028",2020-03-26,"deaths",0
"LT028",2020-03-27,"deaths",0
"LT028",2020-03-28,"deaths",0
"LT028",2020-03-29,"deaths",0
"LT028",2020-03-30,"deaths",0
"LT028",2020-03-31,"deaths",0
"LT028",2020-04-01,"deaths",0
"LT028",2020-04-02,"deaths",0
"LT028",2020-04-03,"deaths",0
"LT028",2020-04-04,"deaths",0
"LT028",2020-04-05,"deaths",0
"LT028",2020-04-06,"deaths",0
"LT028",2020-04-07,"deaths",0
"LT028",2020-04-08,"deaths",0
"LT028",2020-04-09,"deaths",0
"LT028",2020-04-10,"deaths",0
"LT028",2020-04-11,"deaths",0
"LT029",2020-02-24,"deaths",0
"LT029",2020-02-25,"deaths",0
"LT029",2020-02-26,"deaths",0
"LT029",2020-02-27,"deaths",0
"LT029",2020-02-28,"deaths",0
"LT029",2020-02-29,"deaths",0
"LT029",2020-03-01,"deaths",0
"LT029",2020-03-02,"deaths",0
"LT029",2020-03-03,"deaths",0
"LT029",2020-03-04,"deaths",0
"LT029",2020-03-05,"deaths",0
"LT029",2020-03-06,"deaths",0
"LT029",2020-03-07,"deaths",0
"LT029",2020-03-08,"deaths",0
"LT029",2020-03-09,"deaths",0
"LT029",2020-03-10,"deaths",0
"LT029",2020-03-11,"deaths",0
"LT029",2020-03-12,"deaths",0
"LT029",2020-03-13,"deaths",0
"LT029",2020-03-14,"deaths",0
"LT029",2020-03-15,"deaths",0
"LT029",2020-03-16,"deaths",0
"LT029",2020-03-17,"deaths",0
"LT029",2020-03-18,"deaths",0
"LT029",2020-03-19,"deaths",0
"LT029",2020-03-20,"deaths",0
"LT029",2020-03-21,"deaths",0
"LT029",2020-03-22,"deaths",0
"LT029",2020-03-23,"deaths",0
"LT029",2020-03-24,"deaths",0
"LT029",2020-03-25,"deaths",0
"LT029",2020-03-26,"deaths",0
"LT029",2020-03-27,"deaths",0
"LT029",2020-03-28,"deaths",0
"LT029",2020-03-29,"deaths",0
"LT029",2020-03-30,"deaths",0
"LT029",2020-03-31,"deaths",0
"LT029",2020-04-01,"deaths",0
"LT029",2020-04-02,"deaths",0
"LT029",2020-04-03,"deaths",0
"LT029",2020-04-04,"deaths",0
"LT029",2020-04-05,"deaths",0
"LT029",2020-04-06,"deaths",0
"LT029",2020-04-07,"deaths",0
"LT029",2020-04-08,"deaths",0
"LT029",2020-04-09,"deaths",0
"LT029",2020-04-10,"deaths",0
"LT029",2020-04-11,"deaths",0
"LT011",2020-02-24,"recovered",0
"LT011",2020-02-25,"recovered",0
"LT011",2020-02-26,"recovered",0
"LT011",2020-02-27,"recovered",0
"LT011",2020-02-28,"recovered",0
"LT011",2020-02-29,"recovered",0
"LT011",2020-03-01,"recovered",0
"LT011",2020-03-02,"recovered",0
"LT011",2020-03-03,"recovered",0
"LT011",2020-03-04,"recovered",0
"LT011",2020-03-05,"recovered",0
"LT011",2020-03-06,"recovered",0
"LT011",2020-03-07,"recovered",0
"LT011",2020-03-08,"recovered",0
"LT011",2020-03-09,"recovered",0
"LT011",2020-03-10,"recovered",0
"LT011",2020-03-11,"recovered",0
"LT011",2020-03-12,"recovered",0
"LT011",2020-03-13,"recovered",0
"LT011",2020-03-14,"recovered",0
"LT011",2020-03-15,"recovered",0
"LT011",2020-03-16,"recovered",0
"LT011",2020-03-17,"recovered",0
"LT011",2020-03-18,"recovered",0
"LT011",2020-03-19,"recovered",0
"LT011",2020-03-20,"recovered",0
"LT011",2020-03-21,"recovered",0
"LT011",2020-03-22,"recovered",0
"LT011",2020-03-23,"recovered",0
"LT011",2020-03-24,"recovered",0
"LT011",2020-03-25,"recovered",0
"LT011",2020-03-26,"recovered",0
"LT011",2020-03-27,"recovered",0
"LT011",2020-03-28,"recovered",0
"LT011",2020-03-29,"recovered",0
"LT011",2020-03-30,"recovered",0
"LT011",2020-03-31,"recovered",0
"LT011",2020-04-01,"recovered",0
"LT011",2020-04-02,"recovered",0
"LT011",2020-04-03,"recovered",0
"LT011",2020-04-04,"recovered",0
"LT011",2020-04-05,"recovered",0
"LT011",2020-04-06,"recovered",0
"LT011",2020-04-07,"recovered",0
"LT011",2020-04-08,"recovered",0
"LT011",2020-04-09,"recovered",0
"LT011",2020-04-10,"recovered",0
"LT011",2020-04-11,"recovered",0
"LT021",2020-02-24,"recovered",0
"LT021",2020-02-25,"recovered",0
"LT021",2020-02-26,"recovered",0
"LT021",2020-02-27,"recovered",0
"LT021",2020-02-28,"recovered",0
"LT021",2020-02-29,"recovered",0
"LT021",2020-03-01,"recovered",0
"LT021",2020-03-02,"recovered",0
"LT021",2020-03-03,"recovered",0
"LT021",2020-03-04,"recovered",0
"LT021",2020-03-05,"recovered",0
"LT021",2020-03-06,"recovered",0
"LT021",2020-03-07,"recovered",0
"LT021",2020-03-08,"recovered",0
"LT021",2020-03-09,"recovered",0
"LT021",2020-03-10,"recovered",0
"LT021",2020-03-11,"recovered",0
"LT021",2020-03-12,"recovered",0
"LT021",2020-03-13,"recovered",0
"LT021",2020-03-14,"recovered",0
"LT021",2020-03-15,"recovered",0
"LT021",2020-03-16,"recovered",0
"LT021",2020-03-17,"recovered",0
"LT021",2020-03-18,"recovered",0
"LT021",2020-03-19,"recovered",0
"LT021",2020-03-20,"recovered",0
"LT021",2020-03-21,"recovered",0
"LT021",2020-03-22,"recovered",0
"LT021",2020-03-23,"recovered",0
"LT021",2020-03-24,"recovered",0
"LT021",2020-03-25,"recovered",0
"LT021",2020-03-26,"recovered",0
"LT021",2020-03-27,"recovered",0
"LT021",2020-03-28,"recovered",0
"LT021",2020-03-29,"recovered",0
"LT021",2020-03-30,"recovered",0
"LT021",2020-03-31,"recovered",0
"LT021",2020-04-01,"recovered",0
"LT021",2020-04-02,"recovered",0
"LT021",2020-04-03,"recovered",0
"LT021",2020-04-04,"recovered",0
"LT021",2020-04-05,"recovered",0
"LT021",2020-04-06,"recovered",0
"LT021",2020-04-07,"recovered",0
"LT021",2020-04-08,"recovered",0
"LT021",2020-04-09,"recovered",0
"LT021",2020-04-10,"recovered",0
"LT021",2020-04-11,"recovered",0
"LT022",2020-02-24,"recovered",0
"LT022",2020-02-25,"recovered",0
"LT022",2020-02-26,"recovered",0
"LT022",2020-02-27,"recovered",0
"LT022",2020-02-28,"recovered",0
"LT022",2020-02-29,"recovered",0
"LT022",2020-03-01,"recovered",0
"LT022",2020-03-02,"recovered",0
"LT022",2020-03-03,"recovered",0
"LT022",2020-03-04,"recovered",0
"LT022",2020-03-05,"recovered",0
"LT022",2020-03-06,"recovered",0
"LT022",2020-03-07,"recovered",0
"LT022",2020-03-08,"recovered",0
"LT022",2020-03-09,"recovered",0
"LT022",2020-03-10,"recovered",0
"LT022",2020-03-11,"recovered",0
"LT022",2020-03-12,"recovered",0
"LT022",2020-03-13,"recovered",0
"LT022",2020-03-14,"recovered",0
"LT022",2020-03-15,"recovered",0
"LT022",2020-03-16,"recovered",0
"LT022",2020-03-17,"recovered",0
"LT022",2020-03-18,"recovered",0
"LT022",2020-03-19,"recovered",0
"LT022",2020-03-20,"recovered",0
"LT022",2020-03-21,"recovered",0
"LT022",2020-03-22,"recovered",0
"LT022",2020-03-23,"recovered",0
"LT022",2020-03-24,"recovered",0
"LT022",2020-03-25,"recovered",0
"LT022",2020-03-26,"recovered",0
"LT022",2020-03-27,"recovered",0
"LT022",2020-03-28,"recovered",0
"LT022",2020-03-29,"recovered",0
"LT022",2020-03-30,"recovered",0
"LT022",2020-03-31,"recovered",0
"LT022",2020-04-01,"recovered",0
"LT022",2020-04-02,"recovered",0
"LT022",2020-04-03,"recovered",0
"LT022",2020-04-04,"recovered",0
"LT022",2020-04-05,"recovered",0
"LT022",2020-04-06,"recovered",0
"LT022",2020-04-07,"recovered",0
"LT022",2020-04-08,"recovered",0
"LT022",2020-04-09,"recovered",0
"LT022",2020-04-10,"recovered",0
"LT022",2020-04-11,"recovered",0
"LT023",2020-02-24,"recovered",0
"LT023",2020-02-25,"recovered",0
"LT023",2020-02-26,"recovered",0
"LT023",2020-02-27,"recovered",0
"LT023",2020-02-28,"recovered",0
"LT023",2020-02-29,"recovered",0
"LT023",2020-03-01,"recovered",0
"LT023",2020-03-02,"recovered",0
"LT023",2020-03-03,"recovered",0
"LT023",2020-03-04,"recovered",0
"LT023",2020-03-05,"recovered",0
"LT023",2020-03-06,"recovered",0
"LT023",2020-03-07,"recovered",0
"LT023",2020-03-08,"recovered",0
"LT023",2020-03-09,"recovered",0
"LT023",2020-03-10,"recovered",0
"LT023",2020-03-11,"recovered",0
"LT023",2020-03-12,"recovered",0
"LT023",2020-03-13,"recovered",0
"LT023",2020-03-14,"recovered",0
"LT023",2020-03-15,"recovered",0
"LT023",2020-03-16,"recovered",0
"LT023",2020-03-17,"recovered",0
"LT023",2020-03-18,"recovered",0
"LT023",2020-03-19,"recovered",0
"LT023",2020-03-20,"recovered",0
"LT023",2020-03-21,"recovered",0
"LT023",2020-03-22,"recovered",0
"LT023",2020-03-23,"recovered",0
"LT023",2020-03-24,"recovered",0
"LT023",2020-03-25,"recovered",0
"LT023",2020-03-26,"recovered",0
"LT023",2020-03-27,"recovered",0
"LT023",2020-03-28,"recovered",0
"LT023",2020-03-29,"recovered",0
"LT023",2020-03-30,"recovered",6
"LT023",2020-03-31,"recovered",6
"LT023",2020-04-01,"recovered",6
"LT023",2020-04-02,"recovered",6
"LT023",2020-04-03,"recovered",6
"LT023",2020-04-04,"recovered",6
"LT023",2020-04-05,"recovered",6
"LT023",2020-04-06,"recovered",6
"LT023",2020-04-07,"recovered",6
"LT023",2020-04-08,"recovered",6
"LT023",2020-04-09,"recovered",6
"LT023",2020-04-10,"recovered",6
"LT023",2020-04-11,"recovered",6
"LT024",2020-02-24,"recovered",0
"LT024",2020-02-25,"recovered",0
"LT024",2020-02-26,"recovered",0
"LT024",2020-02-27,"recovered",0
"LT024",2020-02-28,"recovered",0
"LT024",2020-02-29,"recovered",0
"LT024",2020-03-01,"recovered",0
"LT024",2020-03-02,"recovered",0
"LT024",2020-03-03,"recovered",0
"LT024",2020-03-04,"recovered",0
"LT024",2020-03-05,"recovered",0
"LT024",2020-03-06,"recovered",0
"LT024",2020-03-07,"recovered",0
"LT024",2020-03-08,"recovered",0
"LT024",2020-03-09,"recovered",0
"LT024",2020-03-10,"recovered",0
"LT024",2020-03-11,"recovered",0
"LT024",2020-03-12,"recovered",0
"LT024",2020-03-13,"recovered",0
"LT024",2020-03-14,"recovered",0
"LT024",2020-03-15,"recovered",0
"LT024",2020-03-16,"recovered",0
"LT024",2020-03-17,"recovered",0
"LT024",2020-03-18,"recovered",0
"LT024",2020-03-19,"recovered",0
"LT024",2020-03-20,"recovered",0
"LT024",2020-03-21,"recovered",0
"LT024",2020-03-22,"recovered",0
"LT024",2020-03-23,"recovered",0
"LT024",2020-03-24,"recovered",0
"LT024",2020-03-25,"recovered",0
"LT024",2020-03-26,"recovered",0
"LT024",2020-03-27,"recovered",0
"LT024",2020-03-28,"recovered",0
"LT024",2020-03-29,"recovered",0
"LT024",2020-03-30,"recovered",0
"LT024",2020-03-31,"recovered",0
"LT024",2020-04-01,"recovered",0
"LT024",2020-04-02,"recovered",0
"LT024",2020-04-03,"recovered",0
"LT024",2020-04-04,"recovered",0
"LT024",2020-04-05,"recovered",0
"LT024",2020-04-06,"recovered",0
"LT024",2020-04-07,"recovered",0
"LT024",2020-04-08,"recovered",0
"LT024",2020-04-09,"recovered",0
"LT024",2020-04-10,"recovered",0
"LT024",2020-04-11,"recovered",0
"LT025",2020-02-24,"recovered",0
"LT025",2020-02-25,"recovered",0
"LT025",2020-02-26,"recovered",0
"LT025",2020-02-27,"recovered",0
"LT025",2020-02-28,"recovered",0
"LT025",2020-02-29,"recovered",0
"LT025",2020-03-01,"recovered",0
"LT025",2020-03-02,"recovered",0
"LT025",2020-03-03,"recovered",0
"LT025",2020-03-04,"recovered",0
"LT025",2020-03-05,"recovered",0
"LT025",2020-03-06,"recovered",0
"LT025",2020-03-07,"recovered",0
"LT025",2020-03-08,"recovered",0
"LT025",2020-03-09,"recovered",0
"LT025",2020-03-10,"recovered",0
"LT025",2020-03-11,"recovered",0
"LT025",2020-03-12,"recovered",0
"LT025",2020-03-13,"recovered",0
"LT025",2020-03-14,"recovered",0
"LT025",2020-03-15,"recovered",0
"LT025",2020-03-16,"recovered",0
"LT025",2020-03-17,"recovered",0
"LT025",2020-03-18,"recovered",0
"LT025",2020-03-19,"recovered",0
"LT025",2020-03-20,"recovered",0
"LT025",2020-03-21,"recovered",0
"LT025",2020-03-22,"recovered",0
"LT025",2020-03-23,"recovered",0
"LT025",2020-03-24,"recovered",0
"LT025",2020-03-25,"recovered",0
"LT025",2020-03-26,"recovered",0
"LT025",2020-03-27,"recovered",0
"LT025",2020-03-28,"recovered",0
"LT025",2020-03-29,"recovered",0
"LT025",2020-03-30,"recovered",0
"LT025",2020-03-31,"recovered",0
"LT025",2020-04-01,"recovered",0
"LT025",2020-04-02,"recovered",0
"LT025",2020-04-03,"recovered",0
"LT025",2020-04-04,"recovered",0
"LT025",2020-04-05,"recovered",0
"LT025",2020-04-06,"recovered",0
"LT025",2020-04-07,"recovered",0
"LT025",2020-04-08,"recovered",0
"LT025",2020-04-09,"recovered",0
"LT025",2020-04-10,"recovered",0
"LT025",2020-04-11,"recovered",0
"LT026",2020-02-24,"recovered",0
"LT026",2020-02-25,"recovered",0
"LT026",2020-02-26,"recovered",0
"LT026",2020-02-27,"recovered",0
"LT026",2020-02-28,"recovered",0
"LT026",2020-02-29,"recovered",0
"LT026",2020-03-01,"recovered",0
"LT026",2020-03-02,"recovered",0
"LT026",2020-03-03,"recovered",0
"LT026",2020-03-04,"recovered",0
"LT026",2020-03-05,"recovered",0
"LT026",2020-03-06,"recovered",0
"LT026",2020-03-07,"recovered",0
"LT026",2020-03-08,"recovered",0
"LT026",2020-03-09,"recovered",0
"LT026",2020-03-10,"recovered",0
"LT026",2020-03-11,"recovered",0
"LT026",2020-03-12,"recovered",0
"LT026",2020-03-13,"recovered",0
"LT026",2020-03-14,"recovered",1
"LT026",2020-03-15,"recovered",1
"LT026",2020-03-16,"recovered",1
"LT026",2020-03-17,"recovered",1
"LT026",2020-03-18,"recovered",1
"LT026",2020-03-19,"recovered",1
"LT026",2020-03-20,"recovered",1
"LT026",2020-03-21,"recovered",1
"LT026",2020-03-22,"recovered",1
"LT026",2020-03-23,"recovered",1
"LT026",2020-03-24,"recovered",1
"LT026",2020-03-25,"recovered",1
"LT026",2020-03-26,"recovered",1
"LT026",2020-03-27,"recovered",1
"LT026",2020-03-28,"recovered",1
"LT026",2020-03-29,"recovered",1
"LT026",2020-03-30,"recovered",1
"LT026",2020-03-31,"recovered",1
"LT026",2020-04-01,"recovered",1
"LT026",2020-04-02,"recovered",1
"LT026",2020-04-03,"recovered",1
"LT026",2020-04-04,"recovered",1
"LT026",2020-04-05,"recovered",1
"LT026",2020-04-06,"recovered",1
"LT026",2020-04-07,"recovered",1
"LT026",2020-04-08,"recovered",1
"LT026",2020-04-09,"recovered",1
"LT026",2020-04-10,"recovered",1
"LT026",2020-04-11,"recovered",1
"LT027",2020-02-24,"recovered",0
"LT027",2020-02-25,"recovered",0
"LT027",2020-02-26,"recovered",0
"LT027",2020-02-27,"recovered",0
"LT027",2020-02-28,"recovered",0
"LT027",2020-02-29,"recovered",0
"LT027",2020-03-01,"recovered",0
"LT027",2020-03-02,"recovered",0
"LT027",2020-03-03,"recovered",0
"LT027",2020-03-04,"recovered",0
"LT027",2020-03-05,"recovered",0
"LT027",2020-03-06,"recovered",0
"LT027",2020-03-07,"recovered",0
"LT027",2020-03-08,"recovered",0
"LT027",2020-03-09,"recovered",0
"LT027",2020-03-10,"recovered",0
"LT027",2020-03-11,"recovered",0
"LT027",2020-03-12,"recovered",0
"LT027",2020-03-13,"recovered",0
"LT027",2020-03-14,"recovered",0
"LT027",2020-03-15,"recovered",0
"LT027",2020-03-16,"recovered",0
"LT027",2020-03-17,"recovered",0
"LT027",2020-03-18,"recovered",0
"LT027",2020-03-19,"recovered",0
"LT027",2020-03-20,"recovered",0
"LT027",2020-03-21,"recovered",0
"LT027",2020-03-22,"recovered",0
"LT027",2020-03-23,"recovered",0
"LT027",2020-03-24,"recovered",0
"LT027",2020-03-25,"recovered",0
"LT027",2020-03-26,"recovered",0
"LT027",2020-03-27,"recovered",0
"LT027",2020-03-28,"recovered",0
"LT027",2020-03-29,"recovered",0
"LT027",2020-03-30,"recovered",0
"LT027",2020-03-31,"recovered",0
"LT027",2020-04-01,"recovered",0
"LT027",2020-04-02,"recovered",0
"LT027",2020-04-03,"recovered",0
"LT027",2020-04-04,"recovered",0
"LT027",2020-04-05,"recovered",0
"LT027",2020-04-06,"recovered",0
"LT027",2020-04-07,"recovered",0
"LT027",2020-04-08,"recovered",0
"LT027",2020-04-09,"recovered",0
"LT027",2020-04-10,"recovered",0
"LT027",2020-04-11,"recovered",0
"LT028",2020-02-24,"recovered",0
"LT028",2020-02-25,"recovered",0
"LT028",2020-02-26,"recovered",0
"LT028",2020-02-27,"recovered",0
"LT028",2020-02-28,"recovered",0
"LT028",2020-02-29,"recovered",0
"LT028",2020-03-01,"recovered",0
"LT028",2020-03-02,"recovered",0
"LT028",2020-03-03,"recovered",0
"LT028",2020-03-04,"recovered",0
"LT028",2020-03-05,"recovered",0
"LT028",2020-03-06,"recovered",0
"LT028",2020-03-07,"recovered",0
"LT028",2020-03-08,"recovered",0
"LT028",2020-03-09,"recovered",0
"LT028",2020-03-10,"recovered",0
"LT028",2020-03-11,"recovered",0
"LT028",2020-03-12,"recovered",0
"LT028",2020-03-13,"recovered",0
"LT028",2020-03-14,"recovered",0
"LT028",2020-03-15,"recovered",0
"LT028",2020-03-16,"recovered",0
"LT028",2020-03-17,"recovered",0
"LT028",2020-03-18,"recovered",0
"LT028",2020-03-19,"recovered",0
"LT028",2020-03-20,"recovered",0
"LT028",2020-03-21,"recovered",0
"LT028",2020-03-22,"recovered",0
"LT028",2020-03-23,"recovered",0
"LT028",2020-03-24,"recovered",0
"LT028",2020-03-25,"recovered",0
"LT028",2020-03-26,"recovered",0
"LT028",2020-03-27,"recovered",0
"LT028",2020-03-28,"recovered",0
"LT028",2020-03-29,"recovered",0
"LT028",2020-03-30,"recovered",0
"LT028",2020-03-31,"recovered",0
"LT028",2020-04-01,"recovered",0
"LT028",2020-04-02,"recovered",0
"LT028",2020-04-03,"recovered",0
"LT028",2020-04-04,"recovered",0
"LT028",2020-04-05,"recovered",0
"LT028",2020-04-06,"recovered",0
"LT028",2020-04-07,"recovered",0
"LT028",2020-04-08,"recovered",0
"LT028",2020-04-09,"recovered",0
"LT028",2020-04-10,"recovered",0
"LT028",2020-04-11,"recovered",0
"LT029",2020-02-24,"recovered",0
"LT029",2020-02-25,"recovered",0
"LT029",2020-02-26,"recovered",0
"LT029",2020-02-27,"recovered",0
"LT029",2020-02-28,"recovered",0
"LT029",2020-02-29,"recovered",0
"LT029",2020-03-01,"recovered",0
"LT029",2020-03-02,"recovered",0
"LT029",2020-03-03,"recovered",0
"LT029",2020-03-04,"recovered",0
"LT029",2020-03-05,"recovered",0
"LT029",2020-03-06,"recovered",0
"LT029",2020-03-07,"recovered",0
"LT029",2020-03-08,"recovered",0
"LT029",2020-03-09,"recovered",0
"LT029",2020-03-10,"recovered",0
"LT029",2020-03-11,"recovered",0
"LT029",2020-03-12,"recovered",0
"LT029",2020-03-13,"recovered",0
"LT029",2020-03-14,"recovered",0
"LT029",2020-03-15,"recovered",0
"LT029",2020-03-16,"recovered",0
"LT029",2020-03-17,"recovered",0
"LT029",2020-03-18,"recovered",0
"LT029",2020-03-19,"recovered",0
"LT029",2020-03-20,"recovered",0
"LT029",2020-03-21,"recovered",0
"LT029",2020-03-22,"recovered",0
"LT029",2020-03-23,"recovered",0
"LT029",2020-03-24,"recovered",0
"LT029",2020-03-25,"recovered",0
"LT029",2020-03-26,"recovered",0
"LT029",2020-03-27,"recovered",0
"LT029",2020-03-28,"recovered",0
"LT029",2020-03-29,"recovered",0
"LT029",2020-03-30,"recovered",0
"LT029",2020-03-31,"recovered",0
"LT029",2020-04-01,"recovered",0
"LT029",2020-04-02,"recovered",0
"LT029",2020-04-03,"recovered",0
"LT029",2020-04-04,"recovered",0
"LT029",2020-04-05,"recovered",0
"LT029",2020-04-06,"recovered",0
"LT029",2020-04-07,"recovered",0
"LT029",2020-04-08,"recovered",0
"LT029",2020-04-09,"recovered",0
"LT029",2020-04-10,"recovered",0
"LT029",2020-04-11,"recovered",0
"LT011",2020-02-24,"active",0
"LT011",2020-02-25,"active",0
"LT011",2020-02-26,"active",0
"LT011",2020-02-27,"active",0
"LT011",2020-02-28,"active",0
"LT011",2020-02-29,"active",0
"LT011",2020-03-01,"active",0
"LT011",2020-03-02,"active",0
"LT011",2020-03-03,"active",0
"LT011",2020-03-04,"active",0
"LT011",2020-03-05,"active",0
"LT011",2020-03-06,"active",0
"LT011",2020-03-07,"active",0
"LT011",2020-03-08,"active",0
"LT011",2020-03-09,"active",0
"LT011",2020-03-10,"active",0
"LT011",2020-03-11,"active",0
"LT011",2020-03-12,"active",0
"LT011",2020-03-13,"active",1
"LT011",2020-03-14,"active",1
"LT011",2020-03-15,"active",4
"LT011",2020-03-16,"active",8
"LT011",2020-03-17,"active",13
"LT011",2020-03-18,"active",16
"LT011",2020-03-19,"active",24
"LT011",2020-03-20,"active",34
"LT011",2020-03-21,"active",48
"LT011",2020-03-22,"active",76
"LT011",2020-03-23,"active",98
"LT011",2020-03-24,"active",108
"LT011",2020-03-25,"active",160
"LT011",2020-03-26,"active",213
"LT011",2020-03-27,"active",249
"LT011",2020-03-28,"active",298
"LT011",2020-03-29,"active",345
"LT011",2020-03-30,"active",394
"LT011",2020-03-31,"active",441
"LT011",2020-04-01,"active",508
"LT011",2020-04-02,"active",555
"LT011",2020-04-03,"active",630
"LT011",2020-04-04,"active",668
"LT011",2020-04-05,"active",698
"LT011",2020-04-06,"active",735
"LT011",2020-04-07,"active",767
"LT011",2020-04-08,"active",809
"LT011",2020-04-09,"active",853
"LT011",2020-04-10,"active",874
"LT011",2020-04-11,"active",874
"LT021",2020-02-24,"active",0
"LT021",2020-02-25,"active",0
"LT021",2020-02-26,"active",0
"LT021",2020-02-27,"active",0
"LT021",2020-02-28,"active",0
"LT021",2020-02-29,"active",0
"LT021",2020-03-01,"active",0
"LT021",2020-03-02,"active",0
"LT021",2020-03-03,"active",0
"LT021",2020-03-04,"active",0
"LT021",2020-03-05,"active",0
"LT021",2020-03-06,"active",0
"LT021",2020-03-07,"active",0
"LT021",2020-03-08,"active",0
"LT021",2020-03-09,"active",0
"LT021",2020-03-10,"active",0
"LT021",2020-03-11,"active",0
"LT021",2020-03-12,"active",0
"LT021",2020-03-13,"active",0
"LT021",2020-03-14,"active",0
"LT021",2020-03-15,"active",0
"LT021",2020-03-16,"active",0
"LT021",2020-03-17,"active",0
"LT021",2020-03-18,"active",0
"LT021",2020-03-19,"active",0
"LT021",2020-03-20,"active",0
"LT021",2020-03-21,"active",0
"LT021",2020-03-22,"active",0
"LT021",2020-03-23,"active",1
"LT021",2020-03-24,"active",1
"LT021",2020-03-25,"active",5
"LT021",2020-03-26,"active",6
"LT021",2020-03-27,"active",6
"LT021",2020-03-28,"active",6
"LT021",2020-03-29,"active",6
"LT021",2020-03-30,"active",6
"LT021",2020-03-31,"active",6
"LT021",2020-04-01,"active",6
"LT021",2020-04-02,"active",6
"LT021",2020-04-03,"active",6
"LT021",2020-04-04,"active",6
"LT021",2020-04-05,"active",6
"LT021",2020-04-06,"active",6
"LT021",2020-04-07,"active",6
"LT021",2020-04-08,"active",6
"LT021",2020-04-09,"active",6
"LT021",2020-04-10,"active",6
"LT021",2020-04-11,"active",6
"LT022",2020-02-24,"active",0
"LT022",2020-02-25,"active",0
"LT022",2020-02-26,"active",0
"LT022",2020-02-27,"active",0
"LT022",2020-02-28,"active",0
"LT022",2020-02-29,"active",0
"LT022",2020-03-01,"active",0
"LT022",2020-03-02,"active",0
"LT022",2020-03-03,"active",0
"LT022",2020-03-04,"active",0
"LT022",2020-03-05,"active",0
"LT022",2020-03-06,"active",0
"LT022",2020-03-07,"active",0
"LT022",2020-03-08,"active",0
"LT022",2020-03-09,"active",0
"LT022",2020-03-10,"active",2
"LT022",2020-03-11,"active",2
"LT022",2020-03-12,"active",2
"LT022",2020-03-13,"active",3
"LT022",2020-03-14,"active",3
"LT022",2020-03-15,"active",3
"LT022",2020-03-16,"active",3
"LT022",2020-03-17,"active",4
"LT022",2020-03-18,"active",6
"LT022",2020-03-19,"active",8
"LT022",2020-03-20,"active",12
"LT022",2020-03-21,"active",20
"LT022",2020-03-22,"active",28
"LT022",2020-03-23,"active",31
"LT022",2020-03-24,"active",41
"LT022",2020-03-25,"active",42
"LT022",2020-03-26,"active",43
"LT022",2020-03-27,"active",43
"LT022",2020-03-28,"active",44
"LT022",2020-03-29,"active",44
"LT022",2020-03-30,"active",44
"LT022",2020-03-31,"active",44
"LT022",2020-04-01,"active",44
"LT022",2020-04-02,"active",44
"LT022",2020-04-03,"active",44
"LT022",2020-04-04,"active",44
"LT022",2020-04-05,"active",44
"LT022",2020-04-06,"active",44
"LT022",2020-04-07,"active",44
"LT022",2020-04-08,"active",44
"LT022",2020-04-09,"active",44
"LT022",2020-04-10,"active",44
"LT022",2020-04-11,"active",44
"LT023",2020-02-24,"active",0
"LT023",2020-02-25,"active",0
"LT023",2020-02-26,"active",0
"LT023",2020-02-27,"active",0
"LT023",2020-02-28,"active",0
"LT023",2020-02-29,"active",0
"LT023",2020-03-01,"active",0
"LT023",2020-03-02,"active",0
"LT023",2020-03-03,"active",0
"LT023",2020-03-04,"active",0
"LT023",2020-03-05,"active",0
"LT023",2020-03-06,"active",0
"LT023",2020-03-07,"active",0
"LT023",2020-03-08,"active",0
"LT023",2020-03-09,"active",0
"LT023",2020-03-10,"active",0
"LT023",2020-03-11,"active",0
"LT023",2020-03-12,"active",0
"LT023",2020-03-13,"active",1
"LT023",2020-03-14,"active",2
"LT023",2020-03-15,"active",2
"LT023",2020-03-16,"active",2
"LT023",2020-03-17,"active",4
"LT023",2020-03-18,"active",6
"LT023",2020-03-19,"active",10
"LT023",2020-03-20,"active",14
"LT023",2020-03-21,"active",21
"LT023",2020-03-22,"active",24
"LT023",2020-03-23,"active",30
"LT023",2020-03-24,"active",34
"LT023",2020-03-25,"active",41
"LT023",2020-03-26,"active",56
"LT023",2020-03-27,"active",56
"LT023",2020-03-28,"active",55
"LT023",2020-03-29,"active",55
"LT023",2020-03-30,"active",49
"LT023",2020-03-31,"active",49
"LT023",2020-04-01,"active",49
"LT023",2020-04-02,"active",49
"LT023",2020-04-03,"active",49
"LT023",2020-04-04,"active",48
"LT023",2020-04-05,"active",48
"LT023",2020-04-06,"active",48
"LT023",2020-04-07,"active",48
"LT023",2020-04-08,"active",48
"LT023",2020-04-09,"active",48
"LT023",2020-04-10,"active",48
"LT023",2020-04-11,"active",48
"LT024",2020-02-24,"active",0
"LT024",2020-02-25,"active",0
"LT024",2020-02-26,"active",0
"LT024",2020-02-27,"active",0
"LT024",2020-02-28,"active",0
"LT024",2020-02-29,"active",0
"LT024",2020-03-01,"active",0
"LT024",2020-03-02,"active",0
"LT024",2020-03-03,"active",0
"LT024",2020-03-04,"active",0
"LT024",2020-03-05,"active",0
"LT024",2020-03-06,"active",0
"LT024",2020-03-07,"active",0
"LT024",2020-03-08,"active",0
"LT024",2020-03-09,"active",0
"LT024",2020-03-10,"active",0
"LT024",2020-03-11,"active",0
"LT024",2020-03-12,"active",0
"LT024",2020-03-13,"active",0
"LT024",2020-03-14,"active",0
"LT024",2020-03-15,"active",0
"LT024",2020-03-16,"active",0
"LT024",2020-03-17,"active",0
"LT024",2020-03-18,"active",0
"LT024",2020-03-19,"active",0
"LT024",2020-03-20,"active",0
"LT024",2020-03-21,"active",0
"LT024",2020-03-22,"active",1
"LT024",2020-03-23,"active",1
"LT024",2020-03-24,"active",1
"LT024",2020-03-25,"active",1
"LT024",2020-03-26,"active",1
"LT024",2020-03-27,"active",1
"LT024",2020-03-28,"active",1
"LT024",2020-03-29,"active",1
"LT024",2020-03-30,"active",1
"LT024",2020-03-31,"active",1
"LT024",2020-04-01,"active",1
"LT024",2020-04-02,"active",1
"LT024",2020-04-03,"active",1
"LT024",2020-04-04,"active",1
"LT024",2020-04-05,"active",1
"LT024",2020-04-06,"active",1
"LT024",2020-04-07,"active",1
"LT024",2020-04-08,"active",1
"LT024",2020-04-09,"active",1
"LT024",2020-04-10,"active",1
"LT024",2020-04-11,"active",1
"LT025",2020-02-24,"active",0
"LT025",2020-02-25,"active",0
"LT025",2020-02-26,"active",0
"LT025",2020-02-27,"active",0
"LT025",2020-02-28,"active",0
"LT025",2020-02-29,"active",0
"LT025",2020-03-01,"active",0
"LT025",2020-03-02,"active",0
"LT025",2020-03-03,"active",0
"LT025",2020-03-04,"active",0
"LT025",2020-03-05,"active",0
"LT025",2020-03-06,"active",0
"LT025",2020-03-07,"active",0
"LT025",2020-03-08,"active",0
"LT025",2020-03-09,"active",0
"LT025",2020-03-10,"active",0
"LT025",2020-03-11,"active",0
"LT025",2020-03-12,"active",0
"LT025",2020-03-13,"active",0
"LT025",2020-03-14,"active",0
"LT025",2020-03-15,"active",1
"LT025",2020-03-16,"active",2
"LT025",2020-03-17,"active",2
"LT025",2020-03-18,"active",2
"LT025",2020-03-19,"active",2
"LT025",2020-03-20,"active",2
"LT025",2020-03-21,"active",2
"LT025",2020-03-22,"active",3
"LT025",2020-03-23,"active",5
"LT025",2020-03-24,"active",5
"LT025",2020-03-25,"active",4
"LT025",2020-03-26,"active",4
"LT025",2020-03-27,"active",4
"LT025",2020-03-28,"active",5
"LT025",2020-03-29,"active",5
"LT025",2020-03-30,"active",5
"LT025",2020-03-31,"active",5
"LT025",2020-04-01,"active",5
"LT025",2020-04-02,"active",5
"LT025",2020-04-03,"active",5
"LT025",2020-04-04,"active",5
"LT025",2020-04-05,"active",5
"LT025",2020-04-06,"active",5
"LT025",2020-04-07,"active",5
"LT025",2020-04-08,"active",5
"LT025",2020-04-09,"active",5
"LT025",2020-04-10,"active",5
"LT025",2020-04-11,"active",5
"LT026",2020-02-24,"active",0
"LT026",2020-02-25,"active",0
"LT026",2020-02-26,"active",0
"LT026",2020-02-27,"active",0
"LT026",2020-02-28,"active",1
"LT026",2020-02-29,"active",1
"LT026",2020-03-01,"active",1
"LT026",2020-03-02,"active",1
"LT026",2020-03-03,"active",1
"LT026",2020-03-04,"active",1
"LT026",2020-03-05,"active",1
"LT026",2020-03-06,"active",1
"LT026",2020-03-07,"active",1
"LT026",2020-03-08,"active",1
"LT026",2020-03-09,"active",1
"LT026",2020-03-10,"active",1
"LT026",2020-03-11,"active",1
"LT026",2020-03-12,"active",1
"LT026",2020-03-13,"active",1
"LT026",2020-03-14,"active",0
"LT026",2020-03-15,"active",0
"LT026",2020-03-16,"active",0
"LT026",2020-03-17,"active",0
"LT026",2020-03-18,"active",1
"LT026",2020-03-19,"active",1
"LT026",2020-03-20,"active",1
"LT026",2020-03-21,"active",2
"LT026",2020-03-22,"active",3
"LT026",2020-03-23,"active",5
"LT026",2020-03-24,"active",10
"LT026",2020-03-25,"active",10
"LT026",2020-03-26,"active",10
"LT026",2020-03-27,"active",10
"LT026",2020-03-28,"active",10
"LT026",2020-03-29,"active",10
"LT026",2020-03-30,"active",10
"LT026",2020-03-31,"active",10
"LT026",2020-04-01,"active",10
"LT026",2020-04-02,"active",10
"LT026",2020-04-03,"active",10
"LT026",2020-04-04,"active",9
"LT026",2020-04-05,"active",9
"LT026",2020-04-06,"active",9
"LT026",2020-04-07,"active",9
"LT026",2020-04-08,"active",9
"LT026",2020-04-09,"active",9
"LT026",2020-04-10,"active",9
"LT026",2020-04-11,"active",9
"LT027",2020-02-24,"active",0
"LT027",2020-02-25,"active",0
"LT027",2020-02-26,"active",0
"LT027",2020-02-27,"active",0
"LT027",2020-02-28,"active",0
"LT027",2020-02-29,"active",0
"LT027",2020-03-01,"active",0
"LT027",2020-03-02,"active",0
"LT027",2020-03-03,"active",0
"LT027",2020-03-04,"active",0
"LT027",2020-03-05,"active",0
"LT027",2020-03-06,"active",0
"LT027",2020-03-07,"active",0
"LT027",2020-03-08,"active",0
"LT027",2020-03-09,"active",0
"LT027",2020-03-10,"active",0
"LT027",2020-03-11,"active",0
"LT027",2020-03-12,"active",0
"LT027",2020-03-13,"active",0
"LT027",2020-03-14,"active",0
"LT027",2020-03-15,"active",0
"LT027",2020-03-16,"active",0
"LT027",2020-03-17,"active",0
"LT027",2020-03-18,"active",0
"LT027",2020-03-19,"active",0
"LT027",2020-03-20,"active",0
"LT027",2020-03-21,"active",0
"LT027",2020-03-22,"active",2
"LT027",2020-03-23,"active",2
"LT027",2020-03-24,"active",2
"LT027",2020-03-25,"active",2
"LT027",2020-03-26,"active",3
"LT027",2020-03-27,"active",3
"LT027",2020-03-28,"active",3
"LT027",2020-03-29,"active",3
"LT027",2020-03-30,"active",3
"LT027",2020-03-31,"active",3
"LT027",2020-04-01,"active",3
"LT027",2020-04-02,"active",3
"LT027",2020-04-03,"active",3
"LT027",2020-04-04,"active",3
"LT027",2020-04-05,"active",3
"LT027",2020-04-06,"active",3
"LT027",2020-04-07,"active",3
"LT027",2020-04-08,"active",3
"LT027",2020-04-09,"active",3
"LT027",2020-04-10,"active",3
"LT027",2020-04-11,"active",3
"LT028",2020-02-24,"active",0
"LT028",2020-02-25,"active",0
"LT028",2020-02-26,"active",0
"LT028",2020-02-27,"active",0
"LT028",2020-02-28,"active",0
"LT028",2020-02-29,"active",0
"LT028",2020-03-01,"active",0
"LT028",2020-03-02,"active",0
"LT028",2020-03-03,"active",0
"LT028",2020-03-04,"active",0
"LT028",2020-03-05,"active",0
"LT028",2020-03-06,"active",0
"LT028",2020-03-07,"active",0
"LT028",2020-03-08,"active",0
"LT028",2020-03-09,"active",0
"LT028",2020-03-10,"active",0
"LT028",2020-03-11,"active",0
"LT028",2020-03-12,"active",0
"LT028",2020-03-13,"active",0
"LT028",2020-03-14,"active",0
"LT028",2020-03-15,"active",1
"LT028",2020-03-16,"active",2
"LT028",2020-03-17,"active",2
"LT028",2020-03-18,"active",2
"LT028",2020-03-19,"active",2
"LT028",2020-03-20,"active",2
"LT028",2020-03-21,"active",2
"LT028",2020-03-22,"active",2
"LT028",2020-03-23,"active",2
"LT028",2020-03-24,"active",2
"LT028",2020-03-25,"active",2
"LT028",2020-03-26,"active",2
"LT028",2020-03-27,"active",2
"LT028",2020-03-28,"active",5
"LT028",2020-03-29,"active",5
"LT028",2020-03-30,"active",5
"LT028",2020-03-31,"active",5
"LT028",2020-04-01,"active",5
"LT028",2020-04-02,"active",5
"LT028",2020-04-03,"active",5
"LT028",2020-04-04,"active",5
"LT028",2020-04-05,"active",5
"LT028",2020-04-06,"active",5
"LT028",2020-04-07,"active",5
"LT028",2020-04-08,"active",5
"LT028",2020-04-09,"active",5
"LT028",2020-04-10,"active",5
"LT028",2020-04-11,"active",5
"LT029",2020-02-24,"active",0
"LT029",2020-02-25,"active",0
"LT029",2020-02-26,"active",0
"LT029",2020-02-27,"active",0
"LT029",2020-02-28,"active",0
"LT029",2020-02-29,"active",0
"LT029",2020-03-01,"active",0
"LT029",2020-03-02,"active",0
"LT029",2020-03-03,"active",0
"LT029",2020-03-04,"active",0
"LT029",2020-03-05,"active",0
"LT029",2020-03-06,"active",0
"LT029",2020-03-07,"active",0
"LT029",2020-03-08,"active",0
"LT029",2020-03-09,"active",0
"LT029",2020-03-10,"active",0
"LT029",2020-03-11,"active",0
"LT029",2020-03-12,"active",0
"LT029",2020-03-13,"active",0
"LT029",2020-03-14,"active",0
"LT029",2020-03-15,"active",0
"LT029",2020-03-16,"active",0
"LT029",2020-03-17,"active",0
"LT029",2020-03-18,"active",0
"LT029",2020-03-19,"active",0
"LT029",2020-03-20,"active",2
"LT029",2020-03-21,"active",2
"LT029",2020-03-22,"active",2
"LT029",2020-03-23,"active",2
"LT029",2020-03-24,"active",2
"LT029",2020-03-25,"active",2
"LT029",2020-03-26,"active",2
"LT029",2020-03-27,"active",2
"LT029",2020-03-28,"active",2
"LT029",2020-03-29,"active",2
"LT029",2020-03-30,"active",2
"LT029",2020-03-31,"active",2
"LT029",2020-04-01,"active",2
"LT029",2020-04-02,"active",2
"LT029",2020-04-03,"active",2
"LT029",2020-04-04,"active",2
"LT029",2020-04-05,"active",2
"LT029",2020-04-06,"active",2
"LT029",2020-04-07,"active",2
"LT029",2020-04-08,"active",2
"LT029",2020-04-09,"active",2
"LT029",2020-04-10,"active",2
"LT029",2020-04-11,"active",2
